<?xml version="1.0" encoding="UTF-8"?>
<launch4jConfig>
  <dontWrapJar>false</dontWrapJar>
  <headerType>gui</headerType>
  <jar>C:\Users\VZyuzin\Desktop\Snake.jar</jar>
  <outfile>C:\Users\VZyuzin\Desktop\Snake.exe</outfile>
  <errTitle></errTitle>
  <cmdLine></cmdLine>
  <chdir>.</chdir>
  <priority>normal</priority>
  <downloadUrl></downloadUrl>
  <supportUrl></supportUrl>
  <stayAlive>false</stayAlive>
  <restartOnCrash>false</restartOnCrash>
  <manifest></manifest>
  <icon>C:\Users\VZyuzin\Desktop\favicon.ico</icon>
  <classPath>
    <mainClass>SnakeGame</mainClass>
    <cp>.</cp>
  </classPath>
  <jre>
    <path>%JAVA_HOME%;%PATH%</path>
    <requiresJdk>false</requiresJdk>
    <requires64Bit>false</requires64Bit>
    <minVersion></minVersion>
    <maxVersion></maxVersion>
  </jre>
  <versionInfo>
    <fileVersion>0.0.0.3</fileVersion>
    <txtFileVersion>0.30.RC1</txtFileVersion>
    <fileDescription>Snake Minigame</fileDescription>
    <copyright>Vlaffi(c)</copyright>
    <productVersion>0.0.0.3</productVersion>
    <txtProductVersion>0.30.RC1</txtProductVersion>
    <productName>&quot;sssss&quot;</productName>
    <companyName></companyName>
    <internalName>Apple Eating Simulation</internalName>
    <originalFilename>Snake.exe</originalFilename>
    <trademarks></trademarks>
    <language>ENGLISH_US</language>
  </versionInfo>
</launch4jConfig>